{
  "ConfigPreprocess": {
      "preprocessPara": {
          "GaussianBlur": {
              "order": 0,
              "parameters": {
                  "kernelSize": [3, 3],
                  "sigma": 1
              }
          },
          "Brightness": {
              "order": 0,
              "parameters": {
                  "brightness": 1.1
              }
          },
          "Contrast": {
              "order": 0,
              "parameters": {
                  "contrast": 1.1
              }
          },
          "Saturation": {
              "order": 0,
              "parameters": {
                  "saturation": 1.1
              }
          },
          "Hue": {
              "order": 0,
              "parameters": {
                  "hue": 0.05
              }
          }
      }
  },
  "ConfigAugmentation": {
      "augmentationPara": {
          "RandomHorizontalFlip": {
              "order": 1,
              "parameters": {
                  "probability": 0.5
              }
          },
          "RandomVerticalFlip": {
              "order": 2,
              "parameters": {
                  "probability": 0.5
              }
          },
          "RandomEqualize": {
              "order": 0,
              "parameters": {
                  "probability": 0.5
              }
          },
          "RandomPosterize": {
              "order": 0,
              "parameters": {
                  "probability": 0.5,
                  "bits": 4
              }
          },
          "RandomSolarize": {
              "order": 0,
              "parameters": {
                  "probability": 0.5,
                  "threshold": 127
              }
          },
          "RandomAdjustSharpness": {
              "order": 0,
              "parameters": {
                  "probability": 0.5,
                  "sharpnessFactor": 2
              }
          },
          "RandomAutocontrast": {
              "order": 0,
              "parameters": {
                  "probability": 0.5
              }
          },
          "RandomErasing": {
              "order": 0,
              "parameters": {
                  "probability": 0.5,
                  "scale": [
                    0.02,
                    0.33
                  ],
                  "ratio": [
                    0.3,
                    3.3
                  ],
                  "value": [
                    0,
                    0,
                    0
                  ]
              }
          },
          "RandomBrightness": {
              "order": 0,
              "parameters": {
                  "probability": 0.5,
                  "brightness": [0.5, 1.5]
              }
          },
          "RandomContrast": {
              "order": 0,
              "parameters": {
                  "probability": 0.5,
                  "contrast": [0.5, 1.5]
              }
          },
          "RandomSaturation": {
              "order": 0,
              "parameters": {
                  "probability": 0.5,
                  "saturation": [0.5, 1.5]
              }
          },
          "RandomHue": {
              "order": 0,
              "parameters": {
                  "probability": 0.5,
                  "hue": [-0.05, 0.05]
              }
          },
          "RandomIoUCrop": {
              "order": 0,
              "parameters": {
                  "trials": 40
              }
          },
          "ScaleJitter": {
              "order": 0,
              "parameters": {
                  "targetSize": [128, 128],
                  "scaleRange": [0.1, 2],
                  "interpolation": "BILINEAR"
              }
          },
          "FixedSizeCrop": {
              "order": 0,
              "parameters": {
                  "size": [128, 128],
                  "fill": [0, 0, 0],
                  "paddingMode": "constant"
              }
          },
          "RandomShortestSize": {
              "order": 0,
              "parameters": {
                  "interpolation":"BILINEAR"
              }
          }
      }
  },
  "ConfigModelService": {
      "learningRatePara": {
          "learningRate": 0.001
      },
      "optimizerPara": {
          "optimizer": "SGD"
      },
      "schedulerPara": {
          "scheduler": "multiStepLR"
      }
  },
  "ConfigPytorchModel": {
      "modelPara": {
          "model": {
              "structure": "auo_onestage_antidegeneration_model",
              "pretrained": 1
          }
      },
      "servicePara": {
          "batchSize": 4,
          "epochs": 10
      }
  },
  "ConfigPostprocess": {
      "postProcessPara": {
          "nms": {
              "order": 1,
              "parameters": {
                  "iouTreshold": 0.3
              }
          }
      }
  }
}
