{
    "Config": {
        "basicSettingPara": {
            "projectID": 0,
            "experimentID": 0,
            "task": "Train",
            "classNameDict": {
                "0": ""
            }
        },
        "privateSettingPara": {
            "outputPath": "output"
        }
    },
    "ConfigDataClean": {
        "dataClean": {
            "taskType": 1,
            "dataState": {
                "switch": 1,
                "inputPath": "",
                "outputPath": "",
                "percentage": [
                    0.8,
                    0.1,
                    0.1
                ],
                "classNameDict": {
                    "0": ""
                }
            },
            "onlyLabelTransfer": {
                "switch": 0,
                "inputLabelPath": "",
                "outputPath": "",
                "classNameDict": {
                    "0": ""
                },
                "inputImagePath": "",
                "transToType": "bbox_txt"
            }
        }
    },
    "ConfigPreprocess": {
        "preprocessPara": {
            "GaussianBlur": {
                "order": 0,
                "parameters": {
                    "kernelSize": [
                        1,
                        1
                    ],
                    "sigma": 1
                }
            },
            "Grayscale": {
                "order": 0,
                "parameters": {
                    "numOutputChannels": 1
                }
            },
            "Brightness": {
                "order": 0,
                "parameters": {
                    "brightness": 1
                }
            },
            "Contrast": {
                "order": 0,
                "parameters": {
                    "contrast": 1
                }
            },
            "Saturation": {
                "order": 0,
                "parameters": {
                    "saturation": 1
                }
            },
            "Hue": {
                "order": 0,
                "parameters": {
                    "hue": 0
                }
            }
        }
    },
    "ConfigAugmentation": {
        "augmentationPara": {
            "RandomHorizontalFlip": {
                "order": 1,
                "parameters": {
                    "probability": 0.5
                }
            },
            "RandomVerticalFlip": {
                "order": 2,
                "parameters": {
                    "probability": 0.5
                }
            },
            "RandomEqualize": {
                "order": 3,
                "parameters": {
                    "probability": 0.5
                }
            },
            "RandomGrayscale": {
                "order": 4,
                "parameters": {
                    "probability": 0.5
                }
            },
            "RandomInvert": {
                "order": 5,
                "parameters": {
                    "probability": 0.5
                }
            },
            "RandomPosterize": {
                "order": 6,
                "parameters": {
                    "bits": 5,
                    "probability": 0.5
                }
            },
            "RandomSolarize": {
                "order": 7,
                "parameters": {
                    "threshold": 125,
                    "probability": 0.5
                }
            },
            "RandomAdjustSharpness": {
                "order": 8,
                "parameters": {
                    "sharpness_factor": 2,
                    "probability": 0.5
                }
            },
            "RandomAutocontrast": {
                "order": 9,
                "parameters": {
                    "probability": 0.5
                }
            },
            "RandomPhotometricDistort": {
                "order": 10,
                "parameters": {
                    "brightness": [
                        0.875,
                        1.125
                    ],
                    "contrast": [
                        0.5,
                        1.5
                    ],
                    "saturation": [
                        0.5,
                        1.5
                    ],
                    "hue": [
                        -0.05,
                        0.05
                    ],
                    "probability": 0.5
                }
            },
            "RandomZoomOut": {
                "order": 11,
                "parameters": {
                    "fill": [
                        0.0,
                        0.0,
                        0.0
                    ],
                    "sideRange": [
                        1.0,
                        4.0
                    ],
                    "probability": 0.5
                }
            },
            "RandomIoUCrop": {
                "order": 12,
                "parameters": {
                    "minScale": 0.3,
                    "maxScale": 1.0,
                    "minAspectRatio": 0.5,
                    "maxAspectRatio": 2.0,
                    "samplerOption": [
                        0.0,
                        0.1,
                        0.3,
                        0.5,
                        0.7,
                        0.9,
                        1.0
                    ],
                    "trials": 40
                }
            },
            "ScaleJitter": {
                "order": 13,
                "parameters": {
                    "targetSize": [
                        640,
                        640
                    ],
                    "scaleRange": [
                        0.1,
                        2.0
                    ],
                    "interpolation": "BILINEAR"
                }
            },
            "FixSizeCrop": {
                "order": 14,
                "parameters": {
                    "size": [
                        640,
                        640
                    ],
                    "fill": 0,
                    "paddingMode": "constant"
                }
            },
            "RandomShortestSize": {
                "order": 15,
                "parameters": {
                    "minSize": [
                        480,
                        576,
                        640,
                        768,
                        800,
                        960
                    ],
                    "maxSize": 1280,
                    "interpolation": "BILINEAR"
                }
            }
        }
    },
    "ConfigModelService": {
        "learningRatePara": {
            "learningRate": 0.001
        },
        "optimizerPara": {
            "SGD": {
                "switch": 1,
                "momentum": 0.9,
                "dampening": 0,
                "weightDecay": 5e-4,
                "nesterov": 0
            }
        },
        "schedulerPara": {
            "multiStepLR": {
                "switch": 1,
                "milestones": [
                    16,
                    22
                ],
                "gamma": 0.5
            }
        },
        "scalerPara": {
            "amp": {
                "switch": 1
            }
        }
    },
    "ConfigPytorchModel": {
        "servicePara": {
            "cudaDevice": 0,
            "batchSize": 8,
            "epochs": 10,
            "printEpochFreq": 10,
            "sampleBatch": {
                "switch": 1,
                "trainAspectGroup": 3
            }
        },
        "pathPara": {
            "trainPath": "",
            "validPath": "",
            "testPath": "",
            "inferencePath": "",
            "weightPath": {
                "pretrainedWeightPath": "./input/PretrainedWeight",
                "evaluatedWeight": "",
                "customModel": ""
            }
        },
        "modelPara": {
            "oneStage": {
                "switch": 0,
                "backboneStructure": "mobilenet_v3_small",
                "backbonePretrained": 1,
                "modelStructure": "RetinaNet",
                "modelPretrained": 0
            },
            "twoStage": {
                "switch": 0,
                "backboneStructure": "mobilenet_v3_small",
                "backbonePretrained": 1,
                "modelStructure": "FasterRCNN",
                "modelPretrained": 0
            },
            "pytorchModel": {
                "switch": 1,
                "modelStructure": "retinanet_resnet50_fpn",
                "modelPretrained": 1
            }
        }
    },
    "ConfigPostprocess": {
        "postProcessPara": {
            "nms": {
                "order": 1,
                "iouTreshold": 0.7
            }
        }
    },
    "ConfigEvaluation": {
        "evaluationPara": {
            "drawConfusionMatrix": {
                "switch": 1,
                "showNumber": 1
            },
            "saveMapTxt": {
                "switch": 1,
                "mode": [
                    "Train",
                    "Valid",
                    "Test"
                ]
            }
        }
    },
    "ConfigResultStorage": {
        "resultStorage": {
            "saveFinalDictPth": {
                "switch": 1
            },
            "saveFinalScriptPth": {
                "switch": 1
            },
            "saveBestDictPth": {
                "switch": 1
            },
            "saveBestScriptPth": {
                "switch": 1
            },
            "saveCheckpoint": {
                "switch": 1,
                "saveIter": 1
            },
            "saveResultCsv": {
                "switch": 1
            },
            "drawResultImage": {
                "switch": 1,
                "lineThickness": 2
            },
            "scoreThreshold": 0.7,
            "iouTreshold": 0.5
        }
    }
}