{
    "Config": {
        "basicSettingPara": {
            "projectID": 0,
            "experimentID": 0,
            "task": "Train",
            "classNameDict": {}
        },
        "privateSettingPara": {
            "outputPath": ""
        }
    },
    "ConfigDataClean": {
        "dataClean": {
            "taskType": 1,
            "dataState": {
                "switch": 0,
                "inputPath": "",
                "outputPath": "",
                "percentage": [],
                "classNameDict": {
                    "0": ""
                }
            },
            "onlyLabelTransfer": {
                "switch": 0,
                "inputLabelPath": "",
                "outputPath": "",
                "classNameDict": {},
                "inputImagePath": "",
                "transToType": "bbox_txt"
            }
        }
    },
    "ConfigPreprocess": {
        "preprocessPara": {
            "GaussianBlur": {
                "order": 0,
                "parameters": {
                    "kernelSize": [
                        3,
                        3
                    ],
                    "sigma": 1
                }
            },
            "Brightness": {
                "order": 0,
                "parameters": {
                    "brightness": 1.1
                }
            },
            "Contrast": {
                "order": 0,
                "parameters": {
                    "contrast": 1.1
                }
            },
            "Saturation": {
                "order": 0,
                "parameters": {
                    "saturation": 1.1
                }
            },
            "Hue": {
                "order": 0,
                "parameters": {
                    "hue": 0.05
                }
            }
        }
    },
    "ConfigAugmentation": {
        "augmentationPara": {
            "RandomHorizontalFlip": {
                "order": 1,
                "parameters": {
                    "probability": 0.5
                }
            },
            "RandomVerticalFlip": {
                "order": 2,
                "parameters": {
                    "probability": 0.5
                }
            },
            "RandomEqualize": {
                "order": 0,
                "parameters": {
                    "probability": 0.5
                }
            },
            "RandomPosterize": {
                "order": 0,
                "parameters": {
                    "probability": 0.5,
                    "bits": 6
                }
            },
            "RandomSolarize": {
                "order": 0,
                "parameters": {
                    "probability": 0.5,
                    "threshold": 127
                }
            },
            "RandomAdjustSharpness": {
                "order": 0,
                "parameters": {
                    "probability": 0.5,
                    "sharpnessFactor": 2
                }
            },
            "RandomAutocontrast": {
                "order": 0,
                "parameters": {
                    "probability": 0.5
                }
            },
            "RandomErasing": {
                "order": 0,
                "parameters": {
                    "probability": 0.5,
                    "scale": [
                        0.02,
                        0.33
                    ],
                    "ratio": [
                        0.3,
                        3.3
                    ],
                    "value": [
                        0,
                        0,
                        0
                    ]
                }
            },
            "RandomBrightness": {
                "order": 0,
                "parameters": {
                    "probability": 0.5,
                    "brightness": [
                        0.5,
                        1.5
                    ]
                }
            },
            "RandomContrast": {
                "order": 0,
                "parameters": {
                    "probability": 0.5,
                    "contrast": [
                        0.5,
                        1.5
                    ]
                }
            },
            "RandomSaturation": {
                "order": 0,
                "parameters": {
                    "probability": 0.5,
                    "saturation": [
						0.5,
						1.5
					]
                }
            },
            "RandomHue": {
                "order": 0,
                "parameters": {
                    "probability": 0.5,
                    "hue": [
						-0.05,
						0.05
					]
                }
            },
            "RandomIoUCrop": {
                "order": 0,
                "parameters": {
                    "minScale": 0.3,
                    "maxScale": 1.0,
                    "minAspectRatio": 0.5,
                    "maxAspectRatio": 2.0,
                    "samplerOption": [
                        0.0,
                        0.1,
                        0.3,
                        0.5,
                        0.7,
                        0.9,
                        1.0
                    ],
                    "trials": 40
                }
            },
            "ScaleJitter": {
                "order": 0,
                "parameters": {
                    "targetSize": [
                        512,
                        512
                    ],
                    "scaleRange": [
                        0.1,
                        2.0
                    ],
                    "interpolation": "BILINEAR"
                }
            },
            "FixedSizeCrop": {
                "order": 0,
                "parameters": {
                    "size": [
                        128,
                        128
                    ],
                    "fill": [0, 0, 0],
                    "paddingMode": "constant"
                }
            },
            "RandomShortestSize": {
                "order": 0,
                "parameters": {
                    "minSize": [
                        480,
                        576,
                        640,
                        768,
                        800,
                        960
                    ],
                    "maxSize": 1280,
                    "interpolation": "BILINEAR"
                }
            }
        }
    },
    "ConfigModelService": {
        "learningRatePara": {
            "learningRate": 0.001
        },
        "optimizerPara": {
            "SGD": {
                "switch": 1,
                "momentum": 0.9,
                "dampening": 0,
                "weightDecay": 5e-4,
                "nesterov": 1
            }
        },
        "schedulerPara": {
            "multiStepLR": {
                "switch": 1,
                "milestones": [
                    16,
                    22,
                    30
                ],
                "gamma": 0.5
            }
        },
        "scalerPara": {
            "amp": {
                "switch": 1
            }
        }
    },
    "ConfigPytorchModel": {
        "servicePara": {
            "cudaDevice": 0,
            "batchSize": 4,
            "epochs": 10,
            "printEpochFreq": 10,
            "sampleBatch": {
                "switch": 0,
                "trainAspectGroup": 3
            }
        },
        "pathPara": {
            "trainPath": "",
            "validPath": "",
            "testPath": "",
            "inferencePath": "",
            "weightPath": {
                "pretrainedWeightPath": "./input/PretrainedWeight",
                "evaluatedWeight": "",
                "customModel": ""
            }
        },
        "modelPara": {
            "oneStage": {
                "switch": 0,
                "backboneStructure": "",
                "backbonePretrained": 1,
                "modelStructure": "",
                "modelPretrained": 0
            },
            "twoStage": {
                "switch": 0,
                "backboneStructure": "",
                "backbonePretrained": 1,
                "modelStructure": "",
                "modelPretrained": 0
            },
            "pytorchModel": {
                "switch": 1,
                "modelStructure": "retinanet_resnet50_fpn",
                "modelPretrained": 1
            }
        }
    },
    "ConfigPostprocess": {
        "postProcessPara": {
            "nms": {
                "order": 1,
                "iouTreshold": 0.5
            }
        }
    },
    "ConfigEvaluation": {
        "evaluationPara": {
            "drawConfusionMatrix": {
                "switch": 1,
                "showNumber": 1
            },
            "Map": {
                "switch": 1,
                "mode": [
                    "Valid",
                    "Test"
                ],
                "saveTxt": 0,
                "saveJson": 1
            }
        }
    },
    "ConfigResultStorage": {
        "resultStorage": {
            "saveFinalDictPth": {
                "switch": 0
            },
            "saveFinalScriptPth": {
                "switch": 0
            },
            "saveFinalOnnx": {
                "switch": 0
            },
            "saveBestDictPth": {
                "switch": 1
            },
            "saveBestScriptPth": {
                "switch": 0
            },
            "saveBestOnnx": {
                "switch": 0
            },
            "saveCheckpoint": {
                "switch": 0,
                "saveIter": 1
            },
            "saveResultCsv": {
                "switch": 1
            },
            "saveClassIniFile": {
                "switch": 0,
                "fileName": "classList.ini"
            },
            "drawResultImage": {
                "switch": 0,
                "lineThickness": 2
            },
            "scoreThreshold": 0.5,
            "iouTreshold": 0.5
        }
    },
    "ConfigDeployment": {
        "Deployment": {
            "deployMode": 1,
            "deployPath": "./DeploymentMode1",
            "deployName": "deployFile",
            "saveIniFile": 1
        }
    }
}
