{
  "ConfigPreprocess": {
    "preprocessPara": {
      "Normalize": {
        "order": 1,
        "parameters": {
          "mode": "ImageNet",
          "mean": [0.5, 0.5, 0.5],
          "std": [0.5, 0.5, 0.5]
        }
      },
      "Resize": {
        "order": 2,
        "parameters": {
          "size": [
            224,
            224
          ],
          "interpolation": "BILINEAR"
        }
      },
      "CenterCrop": {
        "order": 0,
        "parameters": {
          "size": [
            224,
            224
          ]
        }
      },
      "Pad": {
        "order": 0,
        "parameters": {
          "padding": [
            0,
            0,
            0,
            0
          ],
          "fill": [0, 0, 0],
          "paddingMode": "constant"
        }
      },
      "GaussianBlur": {
        "order": 0,
        "parameters": {
          "kernelSize": [
            3,
            3
          ],
          "sigma": 1
        }
      },
      "Brightness": {
        "order": 0,
        "parameters": {
          "brightness": 1.1
        }
      },
      "Contrast": {
        "order": 0,
        "parameters": {
          "contrast": 1.1
        }
      },
      "Saturation": {
        "order": 0,
        "parameters": {
          "saturation": 1.1
        }
      },
      "Hue": {
        "order": 0,
        "parameters": {
          "hue": 0.05
        }
      }
    }
  },
  "ConfigAugmentation": {
    "augmentationPara": {
      "RandomHorizontalFlip": {
        "order": 1,
        "parameters": {
          "probability": 0.5
        }
      },
      "RandomVerticalFlip": {
        "order": 2,
        "parameters": {
          "probability": 0.5
        }
      },
      "RandomRotation": {
        "order": 0,
        "parameters": {
          "degrees": [
            -360,
            360
          ],
          "fill": [0, 0, 0]
        }
      },
      "RandomTranslate": {
        "order": 0,
        "parameters": {
          "translate": [
            0,
            0
          ],
          "fill": [0, 0, 0]
        }
      },
      "RandomScale": {
        "order": 0,
        "parameters": {
          "scale": [
            1,
            1
          ],
          "fill": [0, 0, 0]
        }
      },
      "RandomShear": {
        "order": 0,
        "parameters": {
          "shearHorizontal": [
            -360,
            360
          ],
          "shearVertical": [
            -360,
            360
          ],
          "fill": [0, 0, 0]
        }
      },
      "RandomGrayscale": {
        "order": 0,
        "parameters": {
          "probability": 0.5
        }
      },
      "RandomBrightness": {
        "order": 0,
        "parameters": {
          "brightness": [
            0.5,
            1.5
          ]
        }
      },
      "RandomContrast": {
        "order": 0,
        "parameters": {
          "contrast": [
            0.5,
            1.5
          ]
        }
      },
      "RandomSaturation": {
        "order": 0,
        "parameters": {
          "saturation": [
            0.5,
            1.5
          ]
        }
      },
      "RandomHue": {
        "order": 0,
        "parameters": {
          "hue": [
            -0.05,
						0.05
          ]
        }
      },
      "RandomErasing": {
        "order": 0,
        "parameters": {
          "probability": 0.5,
          "scale": [
            0.02,
            0.33
          ],
          "ratio": [
            0.3,
            3.3
          ],
          "value": [
            0,
            0,
            0
          ]
        }
      },
      "RandomPerspective": {
        "order": 0,
        "parameters": {
          "distortion": 0,
          "probability": 0.5,
          "interpolation": "BILINEAR",
          "fill": [
            0,
            0,
            0
          ]
        }
      }
    }
  },
  "ConfigModelService": {
    "lossFunctionPara": {
      "lossFunction": "CrossEntropyLoss"
    },
    "learningRatePara": {
      "learningRate": 0.001
    },
    "optimizerPara": {
      "optimizer": "SGD"
    },
    "schedulerPara": {
      "scheduler": "stepLR"
    }
  },
  "ConfigPytorchModel": {
    "servicePara": {
      "batchSize": 4,
      "epochs": 10
    },
    "modelPara": {
      "model": {
        "structure": "auo_unrestricted_powerful_model_a",
        "pretrained": 1
      }
    }
  },
  "ConfigPostprocess": {
    "postProcessPara": {
      "unknownFilter": {
        "order": 0,
        "parameters": {
          "Unknown": 0.9
        }
      }
    }
  }
}
