{
    "Config": {
        "PrivateSetting": {
            "datasetPath": "Demo"
        }
    },
    "ConfigAugmentation": {
        "AugmentationPara": {
            "randomHorizontalFlip": {
                "switch": 1,
                "probability": 0.5
            }
        }
    },
    "ConfigModelService": {
        "LossFunctionPara": {
            "lossFunction": "CrossEntropyLoss"
        },
        "LearningRate": {
            "learningRate": 0.001
        },
        "OptimizerPara": {
            "Adam": {
                "betas": [
                    0.9,
                    0.999
                ],
                "eps": 1e-08,
                "weightDecay": 0,
                "amsgrad": false,
                "switch": 1
            }
        },
        "SchedulerPara": {
            "stepLR": {
                "stepSize": 100,
                "gamma": 0.1,
                "switch": 1
            }
        }
    },
    "ConfigPreprocess": {
        "PreprocessPara": {
            "normalize": {
                "switch": 1,
                "mode": "CalculateFromData",
                "mean": [
                    0.5,
                    0.5,
                    0.5
                ],
                "std": [
                    0.5,
                    0.5,
                    0.5
                ]
            },
            "resize": {
                "switch": 1,
                "imageSize": [
                    224,
                    224
                ],
                "interpolation": "BILINEAR"
            },
            "brightness": {
                "switch": 1,
                "brightness": 1
            },
            "contrast": {
                "switch": 1,
                "contrast": 1
            }
        }
    },
    "ConfigPytorchModel": {
        "SelectedModel": {
            "model": {
                "structure": "auo_tiny_focus_model",
                "pretrained": true
            }
        },
        "ClsModelPara": {
            "batchSize": 16,
            "epochs": 10
        }
    }
}