{
    "Config": {
        "basicSettingPara": {
            "projectID": 0,
            "experimentID": 0,
            "task": "Train",
            "classNameList": [
                "CP00",
                "CP03",
                "CP08",
                "CP09",
                "DR02",
                "IT03",
                "IT07",
                "IT08",
                "IT09",
                "PASSCOMBINE",
                "PASSCP06",
                "PASSOTHER",
                "SHORTCP06"
            ]
        },
        "privateSettingPara": {
            "outputPath": "output/onnxtest"
        }
    },
    "ConfigDataClean": {
        "dataClean": {
            "taskType": 0,
            "dataState": {
                "switch": 0,
                "inputPath": "./input/min_num_6",
                "outputPath": "./input/min_num_6_split",
                "percentage": [
                    0.8,
                    0.1,
                    0.1
                ],
                "classNameDict": {
                    "0": "CP00",
                    "1": "CP03",
                    "2": "CP08",
                    "3": "DR02",
                    "4": "REPAIR",
                    "5": "PASS"
                }
            },
            "onlyLabelTransfer": {
                "switch": 0,
                "inputLabelPath": "./input/Data/dataCleanTest/Annotation/Txt_YOLO",
                "outputPath": "./input/Data/dataCleanTest/result/yolo_xml",
                "classNameDict": {
                    "0": "A",
                    "1": "B",
                    "2": "C",
                    "3": "D"
                },
                "inputImagePath": "./input/Data/dataCleanTest/Image",
                "transToType": "bbox_xml"
            }
        }
    },
    "ConfigPreprocess": {
        "preprocessPara": {
            "Normalize": {
                "order": 1,
                "parameters": {
                    "mode": "ImageNet",
                    "mean": null,
                    "std": null
                }
            },
            "Resize": {
                "order": 2,
                "parameters": {
                    "size": [
                        224,
                        224
                    ],
                    "interpolation": "BILINEAR"
                }
            },
            "CenterCrop": {
                "order": 0,
                "parameters": {
                    "size": [
                        224,
                        224
                    ]
                }
            },
            "Pad": {
                "order": 0,
                "parameters": {
                    "padding": [
                        0,
                        0,
                        0,
                        0
                    ],
                    "fill": [
                        0,
                        0,
                        0
                    ],
                    "paddingMode": "constant"
                }
            },
            "GaussianBlur": {
                "order": 0,
                "parameters": {
                    "kernelSize": [
                        3,
                        3
                    ],
                    "sigma": 1
                }
            },
            "Brightness": {
                "order": 0,
                "parameters": {
                    "brightness": 1.1
                }
            },
            "Contrast": {
                "order": 0,
                "parameters": {
                    "contrast": 1.1
                }
            },
            "Saturation": {
                "order": 0,
                "parameters": {
                    "saturation": 1.1
                }
            },
            "Hue": {
                "order": 0,
                "parameters": {
                    "hue": 0.1
                }
            }
        }
    },
    "ConfigAugmentation": {
        "augmentationPara": {
            "RandomHorizontalFlip": {
                "order": 1,
                "parameters": {
                    "probability": 0.5
                }
            },
            "RandomVerticalFlip": {
                "order": 2,
                "parameters": {
                    "probability": 0.5
                }
            },
            "RandomRotation": {
                "order": 0,
                "parameters": {
                    "degrees": [
                        -360,
                        360
                    ],
                    "fill": [
                        0,
                        0,
                        0
                    ]
                }
            },
            "RandomTranslate": {
                "order": 0,
                "parameters": {
                    "translate": [
                        0,
                        0
                    ],
                    "fill": [
                        0,
                        0,
                        0
                    ]
                }
            },
            "RandomScale": {
                "order": 0,
                "parameters": {
                    "scale": [
                        1,
                        1
                    ],
                    "fill": [
                        0,
                        0,
                        0
                    ]
                }
            },
            "RandomShear": {
                "order": 0,
                "parameters": {
                    "shear": [
                        -360,
                        360,
                        -360,
                        360
                    ],
                    "fill": [
                        0,
                        0,
                        0
                    ]
                }
            },
            "RandomGrayscale": {
                "order": 0,
                "parameters": {
                    "probability": 0.5
                }
            },
            "RandomBrightness": {
                "order": 0,
                "parameters": {
                    "brightness": [
                        0.5,
                        1.5
                    ]
                }
            },
            "RandomContrast": {
                "order": 0,
                "parameters": {
                    "contrast": [
                        0.5,
                        1.5
                    ]
                }
            },
            "RandomSaturation": {
                "order": 0,
                "parameters": {
                    "saturation": [
                        0.5,
                        1.5
                    ]
                }
            },
            "RandomHue": {
                "order": 0,
                "parameters": {
                    "hue": [
                        -0.05,
                        0.05
                    ]
                }
            },
            "RandomErasing": {
                "order": 0,
                "parameters": {
                    "probability": 0.5,
                    "scale": [
                        0.02,
                        0.33
                    ],
                    "ratio": [
                        0.3,
                        3.3
                    ],
                    "value": [
                        0,
                        0,
                        0
                    ]
                }
            },
            "RandomPerspective": {
                "order": 0,
                "parameters": {
                    "distortion": 0,
                    "probability": 0.5,
                    "interpolation": "BILINEAR",
                    "fill": [
                        0,
                        0,
                        0
                    ]
                }
            }
        }
    },
    "ConfigModelService": {
        "lossFunctionPara": {
            "lossFunction": "CrossEntropyLoss"
        },
        "learningRatePara": {
            "learningRate": 0.01
        },
        "optimizerPara": {
            "SGD": {
                "switch": 1,
                "momentum": 0.9,
                "dampening": 0,
                "weightDecay": 5e-4,
                "nesterov": 0
            },
            "Adam": {
                "switch": 0,
                "betas": [
                    0.9,
                    0.999
                ],
                "eps": 1e-08,
                "weightDecay": 0.0005,
                "amsgrad": 0
            },
            "Adadelta": {
                "switch": 0,
                "rho": 0.9,
                "eps": 1e-6,
                "weightDecay": 0
            },
            "AdamW": {
                "switch": 0,
                "betas": [
                    0.9,
                    0.999
                ],
                "eps": 1e-8,
                "weightDecay": 0.01,
                "amsgrad": 0
            },
            "NAdam": {
                "switch": 0,
                "betas": [
                    0.9,
                    0.999
                ],
                "eps": 1e-08,
                "weightDecay": 0,
                "momentumDecay": 0.004
            }
        },
        "schedulerPara": {
            "stepLR": {
                "switch": 1,
                "stepSize": 10,
                "gamma": 0.5
            },
            "cosineAnnealingLR": {
                "switch": 0,
                "tMax": 5,
                "etaMin": 1e-05
            }
        },
        "earlyStopPara": {
            "accuracy": {
                "switch": 0,
                "patience": 10
            },
            "loss": {
                "switch": 0,
                "patience": 10
            },
            "accuracyAndLoss":{
                "switch": 0,
                "patience": 10
            }
        }
    },
    "ConfigPytorchModel": {
        "servicePara": {
            "cudaDevice": 2,
            "numWorkers": 4,
            "batchSize": 8,
            "epochs": 300
        },
        "pathPara": {
            "trainPath": "./input/clstestdata/Train",
            "validPath": "./input/clstestdata/Valid",
            "testPath": "./input/clstestdata/Test",
            "inferencePath": "./input/0822_test",
            "weightPath": {
                "pretrainedWeightPath": "./input/PretrainedWeight",
                "evaluatedWeight": "./output/onnxtest/BestDictPth.pth",
                "customModel": "./input/CustomModel/BestScriptPth.pth"
            }
        },
        "modelPara": {
            "model": {
                "structure": "swin_t",
                "pretrained": 1
            }
        }
    },
    "ConfigPostprocess": {
        "postProcessPara": {
            "confidenceFilter": {
                "order": 0,
                "parameters": {
                    "threshold": {
                        "Pass": 0.99
                    }
                }
            },
            "unknownFilter": {
                "order": 0,
                "parameters": {
                    "threshold": {
                        "Unknown": 0.9
                    },
                    "reverse": 0
                }
            }
        }
    },
    "ConfigEvaluation": {
        "evaluationPara": {
            "accuracy": {
                "switch": 1,
                "mode": [
                    "Valid",
                    "Test"
                ],
                "saveTxt": 1,
                "saveJson": 1
            },
            "loss": {
                "switch": 1,
                "mode": [
                    "Train"
                ],
                "saveTxt": 1,
                "saveJson": 1
            },
            "accOfClasses": {
                "switch": 1,
                "mode": [
                    "Valid",
                    "Test"
                ],
                "saveTxt": 1,
                "saveJson": 1
            },
            "numOfClasses": {
                "switch": 1,
                "mode": [
                    "Valid",
                    "Test"
                ],
                "saveTxt": 1,
                "saveJson": 1
            },
            "otherClsRate": {
                "switch": 1,
                "posClass": [
                    "Pass"
                ],
                "negClass": [
                    "CP00",
                    "CP03",
                    "CP08",
                    "DR02",
                    "NONREPAIR",
                    "PASS",
                    "REPAIRABLE"
                ],
                "saveTxt": 1,
                "saveJson": 1
            },
            "drawAccCurve": {
                "switch": 1
            },
            "drawConfusionMatrix": {
                "switch": 1,
                "showNumber": 1
            }
        }
    },
    "ConfigResultStorage": {
        "resultStorage": {
            "saveFinalDictPth": {
                "switch": 1
            },
            "saveFinalScriptPth": {
                "switch": 1
            },
            "saveFinalOnnx": {
                "switch": 1
            },
            "saveBestDictPth": {
                "switch": 1
            },
            "saveBestScriptPth": {
                "switch": 1
            },
            "saveBestOnnx": {
                "switch": 1
            },
            "saveCheckpoint": {
                "switch": 1,
                "saveEpoch": 1
            },
            "savePredictResult": {
                "switch": 1
            },
            "saveWrongFile": {
                "switch": 1
            },
            "saveUnknownFile": {
                "switch": 1
            },
            "saveClassIniFile": {
                "switch": 1,
                "fileName": "classList.ini"
            }
        }
    },
    "ConfigDeployment": {
        "deployment": {
            "deployMode": 0,
            "deployPath": "./DeploymentMode1",
            "deployName": "deployFile",
            "saveIniFile": 1
        },
        "onnxSetting": {
            "batchSize": 8,
            "cudaDevice": 2
        }
    }
}