{
    "auo_tiny_focus_model": "alexnet",
    "auo_small_convolution_model_a": "vgg11",
    "auo_small_convolution_model_b": "vgg13",
    "auo_small_convolution_model_c": "vgg16",
    "auo_small_convolution_model_d": "vgg19",
    "auo_classic_deep_model_a": "vgg11_bn",
    "auo_classic_deep_model_b": "vgg13_bn",
    "auo_classic_deep_model_c": "vgg16_bn",
    "auo_anti_degeneration_model_a": "resnet18",
    "auo_anti_degeneration_model_b": "resnet34",
    "auo_anti_degeneration_model_c": "resnet50",
    "auo_anti_degeneration_model_d": "resnet101",
    "auo_anti_degeneration_model_e": "resnet152",
    "auo_transform_aggregate_model_a": "resnext50_32x4d",
    "auo_transform_aggregate_model_b": "resnext101_32x8d",
    "auo_feature_widen_model_a": "wide_resnet50_2",
    "auo_feature_widen_model_b": "wide_resnet101_2",
    "auo_cross_connection_model": "csp_resnet18",
    "auo_narrow_intensive_model_a": "densenet121",
    "auo_narrow_intensive_model_c": "densenet161",
    "auo_narrow_intensive_model_b": "densenet169",
    "auo_narrow_intensive_model_d": "densenet201",
    "auo_group_convolution_model_a": "regnet_x_400mf",
    "auo_group_convolution_model_b": "regnet_x_800mf",
    "auo_group_convolution_model_c": "regnet_x_1_6gf",
    "auo_group_convolution_model_d": "regnet_x_3_2gf",
    "auo_group_convolution_model_e": "regnet_x_8gf",
    "auo_group_convolution_model_f": "regnet_x_16gf",
    "auo_group_convolution_model_g": "regnet_x_32gf",
    "auo_unrestricted_powerful_model_a": "regnet_y_400mf",
    "auo_unrestricted_powerful_model_b": "regnet_y_800mf",
    "auo_unrestricted_powerful_model_c": "regnet_y_1_6gf",
    "auo_unrestricted_powerful_model_d": "regnet_y_3_2gf",
    "auo_unrestricted_powerful_model_e": "regnet_y_8gf",
    "auo_unrestricted_powerful_model_f": "regnet_y_16gf",
    "auo_unrestricted_powerful_model_g": "regnet_y_32gf",
    "auo_faster_convergency_model_a": "efficientnet_b0",
    "auo_faster_convergency_model_b": "efficientnet_b1",
    "auo_faster_convergency_model_c": "efficientnet_b2",
    "auo_faster_convergency_model_d": "efficientnet_b3",
    "auo_faster_convergency_model_e": "efficientnet_b4",
    "auo_faster_convergency_model_f": "efficientnet_b5",
    "auo_faster_convergency_model_g": "efficientnet_b6",
    "auo_faster_convergency_model_h": "efficientnet_b7",
    "auo_cpu_optimization_model_a": "mobilenet_v3_small",
    "auo_cpu_optimization_model_b": "mobilenet_v3_large",
    "auo_accelerate_computing_model_a": "shufflenet_v2_x0_5",
    "auo_accelerate_computing_model_b": "shufflenet_v2_x1_0",
    "auo_lighten_efficient_model_a": "mnasnet0_5",
    "auo_lighten_efficient_model_b": "mnasnet1_0",
    "auo_onestage_classic_model": "ssd300_vgg16",
    "auo_onestage_litghten_model": "ssdlite320_mobilenet_v3_large",
    "auo_twostage_antidegeneration_model": "fasterrcnn_resnet50_fpn",
    "auo_onestage_antidegeneration_model": "retinanet_resnet50_fpn"
}
