{
    "Config": {
        "basicSettingPara": {
            "projectID": "project_2023071108464561145711457300",
            "experimentID": "experiment_2023071108472079354393543400",
            "task": "Test",
            "classNameList": [
                "C",
                "A",
                "B"
            ]
        },
        "privateSettingPara": {
            "outputPath": "./pipelineOutput\\pipeline_2023071108481845754257542500"
        }
    },
    "ConfigDataClean": {
        "dataClean": {
            "taskType": 0,
            "dataState": {
                "switch": 0,
                "inputPath": "",
                "outputPath": "",
                "percentage": [],
                "classNameDict": {}
            },
            "onlyLabelTransfer": {
                "switch": 0,
                "inputLabelPath": "",
                "outputPath": "",
                "classNameDict": {},
                "inputImagePath": "",
                "transToType": "bbox_xml"
            }
        }
    },
    "ConfigPreprocess": {
        "preprocessPara": {
            "Normalize": {
                "order": 1,
                "parameters": {
                    "mode": "ImageNet",
                    "mean": [
                        0.5,
                        0.5,
                        0.5
                    ],
                    "std": [
                        0.5,
                        0.5,
                        0.5
                    ]
                }
            },
            "Resize": {
                "order": 2,
                "parameters": {
                    "size": [
                        224,
                        224
                    ],
                    "interpolation": "BILINEAR"
                }
            },
            "CenterCrop": {
                "order": 0,
                "parameters": {
                    "size": [
                        224,
                        224
                    ]
                }
            },
            "Pad": {
                "order": 0,
                "parameters": {
                    "padding": [
                        0,
                        0,
                        0,
                        0
                    ],
                    "fill": [
                        0,
                        0,
                        0
                    ],
                    "paddingMode": "constant"
                }
            },
            "GaussianBlur": {
                "order": 0,
                "parameters": {
                    "kernelSize": [
                        3,
                        3
                    ],
                    "sigma": 1
                }
            },
            "Brightness": {
                "order": 0,
                "parameters": {
                    "brightness": 1.1
                }
            },
            "Contrast": {
                "order": 0,
                "parameters": {
                    "contrast": 1.1
                }
            },
            "Saturation": {
                "order": 0,
                "parameters": {
                    "saturation": 1.1
                }
            },
            "Hue": {
                "order": 0,
                "parameters": {
                    "hue": 0.05
                }
            }
        }
    },
    "ConfigAugmentation": {
        "augmentationPara": {
            "RandomHorizontalFlip": {
                "order": 1,
                "parameters": {
                    "probability": 0.5
                }
            },
            "RandomVerticalFlip": {
                "order": 2,
                "parameters": {
                    "probability": 0.5
                }
            },
            "RandomRotation": {
                "order": 0,
                "parameters": {
                    "degrees": [
                        -360,
                        360
                    ],
                    "fill": [
                        0,
                        0,
                        0
                    ]
                }
            },
            "RandomTranslate": {
                "order": 0,
                "parameters": {
                    "translate": [
                        0,
                        0
                    ],
                    "fill": [
                        0,
                        0,
                        0
                    ]
                }
            },
            "RandomScale": {
                "order": 0,
                "parameters": {
                    "scale": [
                        1,
                        1
                    ],
                    "fill": [
                        0,
                        0,
                        0
                    ]
                }
            },
            "RandomShear": {
                "order": 0,
                "parameters": {
                    "shear": [
                        -360,
                        360,
                        -360,
                        360
                    ],
                    "fill": [
                        0,
                        0,
                        0
                    ]
                }
            },
            "RandomGrayscale": {
                "order": 0,
                "parameters": {
                    "probability": 0.5
                }
            },
            "RandomBrightness": {
                "order": 0,
                "parameters": {
                    "brightness": [
                        0.5,
                        1.5
                    ]
                }
            },
            "RandomContrast": {
                "order": 0,
                "parameters": {
                    "contrast": [
                        0.5,
                        1.5
                    ]
                }
            },
            "RandomSaturation": {
                "order": 0,
                "parameters": {
                    "saturation": [
                        0.5,
                        1.5
                    ]
                }
            },
            "RandomHue": {
                "order": 0,
                "parameters": {
                    "hue": [
                        -0.05,
                        0.05
                    ]
                }
            },
            "RandomErasing": {
                "order": 0,
                "parameters": {
                    "probability": 0.5,
                    "scale": [
                        0.02,
                        0.33
                    ],
                    "ratio": [
                        0.3,
                        3.3
                    ],
                    "value": [
                        0,
                        0,
                        0
                    ]
                }
            },
            "RandomPerspective": {
                "order": 0,
                "parameters": {
                    "distortion": 0,
                    "probability": 0.5,
                    "interpolation": "BILINEAR",
                    "fill": [
                        0,
                        0,
                        0
                    ]
                }
            }
        }
    },
    "ConfigModelService": {
        "lossFunctionPara": {
            "lossFunction": "CrossEntropyLoss"
        },
        "learningRatePara": {
            "learningRate": 0.001
        },
        "optimizerPara": {
            "SGD": {
                "switch": 1,
                "momentum": 0.9,
                "dampening": 0,
                "weightDecay": 0.0005,
                "nesterov": 0
            },
            "Adam": {
                "switch": 0,
                "betas": [
                    0.9,
                    0.999
                ],
                "eps": 1e-08,
                "weightDecay": 0.0005,
                "amsgrad": 0
            },
            "Adadelta": {
                "switch": 0,
                "rho": 0.9,
                "eps": 1e-06,
                "weightDecay": 0
            },
            "AdamW": {
                "switch": 0,
                "betas": [
                    0.9,
                    0.999
                ],
                "eps": 1e-08,
                "weightDecay": 0.01,
                "amsgrad": 0
            },
            "NAdam": {
                "switch": 0,
                "betas": [
                    0.9,
                    0.999
                ],
                "eps": 1e-08,
                "weightDecay": 0,
                "momentumDecay": 0.004
            }
        },
        "schedulerPara": {
            "stepLR": {
                "switch": 1,
                "stepSize": 10,
                "gamma": 0.5
            },
            "cosineAnnealingLR": {
                "switch": 0,
                "tMax": 5,
                "etaMin": 1e-05
            }
        },
        "earlyStopPara": {
            "accuracy": {
                "switch": 0,
                "patience": 10
            },
            "loss": {
                "switch": 0,
                "patience": 10
            },
            "accuracyAndLoss": {
                "switch": 1,
                "patience": 10
            }
        }
    },
    "ConfigPytorchModel": {
        "servicePara": {
            "cudaDevice": 1,
            "numWorkers": 4,
            "batchSize": 4,
            "epochs": 10
        },
        "pathPara": {
            "trainPath": "./pipelineOutput\\pipeline_2023071108481845754257542500\\dataset\\Train",
            "validPath": "./pipelineOutput\\pipeline_2023071108481845754257542500\\dataset\\Valid",
            "testPath": "./pipelineOutput\\pipeline_2023071108481845754257542500\\dataset\\Test",
            "inferencePath": "",
            "weightPath": {
                "pretrainedWeightPath": "./input/PretrainedWeight",
                "evaluatedWeight": "./pipelineOutput\\pipeline_2023071108481845754257542500\\BestDictPth.pth",
                "customModel": ""
            }
        },
        "modelPara": {
            "model": {
                "structure": "regnet_y_400mf",
                "pretrained": 1
            }
        }
    },
    "ConfigPostprocess": {
        "postProcessPara": {
            "confidenceFilter": {
                "order": 0,
                "parameters": {
                    "threshold": {
                        "Pass": 0.99
                    }
                }
            },
            "unknownFilter": {
                "order": 0,
                "parameters": {
                    "threshold": {
                        "Unknown": 0.9
                    },
                    "reverse": 0
                }
            }
        }
    },
    "ConfigEvaluation": {
        "evaluationPara": {
            "accuracy": {
                "switch": 1,
                "mode": [
                    "Valid",
                    "Test"
                ],
                "saveTxt": 0,
                "saveJson": 1
            },
            "loss": {
                "switch": 1,
                "mode": [
                    "Train"
                ],
                "saveTxt": 0,
                "saveJson": 1
            },
            "accOfClasses": {
                "switch": 1,
                "mode": [
                    "Test"
                ],
                "saveTxt": 0,
                "saveJson": 1
            },
            "numOfClasses": {
                "switch": 0,
                "mode": [],
                "saveTxt": 0,
                "saveJson": 0
            },
            "otherClsRate": {
                "switch": 0,
                "posClass": [],
                "negClass": [],
                "saveTxt": 0,
                "saveJson": 1
            },
            "drawAccCurve": {
                "switch": 0
            },
            "drawConfusionMatrix": {
                "switch": 1,
                "showNumber": 1
            }
        }
    },
    "ConfigResultStorage": {
        "resultStorage": {
            "saveFinalDictPth": {
                "switch": 0
            },
            "saveFinalScriptPth": {
                "switch": 0
            },
            "saveFinalOnnx": {
                "switch": 0
            },
            "saveBestDictPth": {
                "switch": 1
            },
            "saveBestScriptPth": {
                "switch": 0
            },
            "saveBestOnnx": {
                "switch": 0
            },
            "saveCheckpoint": {
                "switch": 0,
                "saveEpoch": 1
            },
            "savePredictResult": {
                "switch": 1
            },
            "saveWrongFile": {
                "switch": 0
            },
            "saveUnknownFile": {
                "switch": 0
            },
            "saveClassIniFile": {
                "switch": 0,
                "fileName": "classList.ini"
            }
        }
    },
    "ConfigDeployment": {
        "deployment": {
            "deployMode": 1,
            "deployPath": "./DeploymentMode1",
            "deployName": "deployFile",
            "saveIniFile": 1
        },
        "onnxSetting": {
            "batchSize": 4,
            "cudaDevice": 0
        }
    }
}